guideline,test,med,pvalue,mean,neg,neg_abs,pos,pos_abs,nul,nul_abs,type
random-reg,1042.0,0.0,2.2164565347696726e-158,-299.899600093524,0.21686746987951808,18,0.3855421686746988,32,0.39759036144578314,33,Regular Change
size-reg,183764.5,0.0,0.29988634363044553,-4.185507526949472,0.27038183694530443,262,0.304437564499484,295,0.42518059855521156,412,"Regular Change
(Limiting Size)"
security,208584.0,0.0,0.043653101969703026,0.16223139753754523,0.41898864809081526,406,0.38699690402476783,375,0.19401444788441694,188,Security Change
