guideline,test,med,pvalue,mean,neg,neg_abs,pos,pos_abs,nul,nul_abs,type
reg,195278.5,0.0,0.3313169264788608,-4.449946106963817,0.27054108216432865,270,0.3026052104208417,302,0.42685370741482964,426,Regular Change
sec,220300.0,0.0,0.043692767175287736,-6.371222868045874,0.41282565130260523,412,0.3807615230460922,380,0.20641282565130262,206,Security Change
