guideline,test,med,pvalue,mean,neg,neg_abs,pos,pos_abs,nul,nul_abs,N,type
MISC,1922.0,0.0,0.16693809429546191,20.94347291060358,0.32653061224489793,32,0.45918367346938777,45,0.21428571428571427,21,98,MISC
CWE-22,467.0,0.0,0.45963023590753727,1.8815839682474833,0.40425531914893614,19,0.3829787234042553,18,0.2127659574468085,10,47,CWE-22
CWE-401,1177.0,0.0,0.07014763336241832,4.114591114270625,0.4936708860759494,39,0.3670886075949367,29,0.13924050632911392,11,79,CWE-401
CWE-119,78.0,0.0,0.06919934194453449,-9.11858388264442,0.4074074074074074,11,0.14814814814814814,4,0.4444444444444444,12,27,CWE-119
CWE-200,319.0,-0.29437890846929804,0.22380788215159175,-15.096892442854449,0.525,21,0.45,18,0.025,1,40,CWE-200
CWE-611,135.0,0.9654580557835288,0.20703238329183804,23.712235581224036,0.3333333333333333,9,0.5925925925925926,16,0.07407407407407407,2,27,CWE-611
