guideline,test,med,pvalue,mean,neg,neg_abs,pos,pos_abs,nul,nul_abs,N,type
MISC,1954.0,0.0,0.1660689692793169,20.731922679183345,0.32323232323232326,32,0.45454545454545453,45,0.2222222222222222,22,99,MISC
CWE-22,467.0,0.0,0.3351065379513659,-156.23821656059366,0.4166666666666667,20,0.375,18,0.20833333333333334,10,48,CWE-22
CWE-401,1177.0,0.0,0.07014763336241832,4.114591114270625,0.4936708860759494,39,0.3670886075949367,29,0.13924050632911392,11,79,CWE-401
CWE-119,78.0,0.0,0.04071120759803177,-51.18086607362581,0.42857142857142855,12,0.14285714285714285,4,0.42857142857142855,12,28,CWE-119
CWE-200,319.0,-0.29437890846929804,0.22380788215159175,-15.096892442854449,0.525,21,0.45,18,0.025,1,40,CWE-200
CWE-611,135.0,0.9654580557835288,0.20703238329183804,23.712235581224036,0.3333333333333333,9,0.5925925925925926,16,0.07407407407407407,2,27,CWE-611
