guideline,test,med,pvalue,mean,neg,neg_abs,pos,pos_abs,nul,nul_abs,N,type
MISC,8919.0,0.0,0.45311702440910784,-0.5391958123625148,0.4416243654822335,87,0.40609137055837563,80,0.15228426395939088,30,197,MISC
CWE-707,18356.0,0.0,0.2946321352224123,-6.640478843680253,0.376271186440678,111,0.3254237288135593,96,0.2983050847457627,88,295,CWE-707
CWE-664,23185.0,0.0,0.40962348527955905,7.094655307929667,0.4119496855345912,131,0.4088050314465409,130,0.1792452830188679,57,318,CWE-664
CWE-264,251.0,0.0,0.45682861749040227,-7.184139967927327,0.4411764705882353,15,0.47058823529411764,16,0.08823529411764706,3,34,CWE-264
CWE-284,639.0,0.0,0.5151966094673852,4.434140244655913,0.49056603773584906,26,0.4528301886792453,24,0.05660377358490566,3,53,CWE-284
CWE-693,590.0,0.0,0.3918227175994582,3.806910416858722,0.4807692307692308,25,0.4423076923076923,23,0.07692307692307693,4,52,CWE-693
CWE-691,51.0,-1.7616463835092873,0.05631022234951304,-11.12216727602752,0.55,11,0.3,6,0.15,3,20,CWE-691
