guideline,test,med,pvalue,mean,neg,neg_abs,pos,pos_abs,nul,nul_abs,N,type
MISC,158.0,0.0,0.2521408596893884,-11.322584974162382,0.41935483870967744,13,0.22580645161290322,7,0.3548387096774194,11,31,MISC
CWE-79,3500.0,0.0,0.38285932835097636,-3.411887306220807,0.3235294117647059,44,0.27205882352941174,37,0.40441176470588236,55,136,CWE-79
CWE-89,736.0,0.0,0.7776943869572369,-4.341029819605814,0.4107142857142857,23,0.4107142857142857,23,0.17857142857142858,10,56,CWE-89
CWE-20,1270.0,0.0,0.9775580395017581,-12.511483071426182,0.4305555555555556,31,0.4027777777777778,29,0.16666666666666666,12,72,CWE-20
