guideline,test,med,pvalue,mean,neg,neg_abs,pos,pos_abs,nul,nul_abs,N,type
MISC,10091.0,0.0,0.4019405930289841,-4.102441579808441,0.419811320754717,89,0.38207547169811323,81,0.19811320754716982,42,212,MISC
CWE-707,19243.0,0.0,0.3510495960130582,-3.552706982858472,0.37209302325581395,112,0.32558139534883723,98,0.3023255813953488,91,301,CWE-707
CWE-664,23315.0,0.0,0.31413668935178396,-20.307261491353945,0.4143302180685358,133,0.40498442367601245,130,0.1806853582554517,58,321,CWE-664
CWE-264,287.0,0.0,0.49913797507547,9.272705698240186,0.4444444444444444,16,0.4722222222222222,17,0.08333333333333333,3,36,CWE-264
CWE-284,687.0,0.0,0.5268081490187115,4.272898781213878,0.4727272727272727,26,0.43636363636363634,24,0.09090909090909091,5,55,CWE-284
CWE-693,643.0,0.0,0.5500152272231421,33.072630954561596,0.4716981132075472,25,0.4528301886792453,24,0.07547169811320754,4,53,CWE-693
CWE-691,51.0,-1.7616463835092873,0.05631022234951304,-11.12216727602752,0.55,11,0.3,6,0.15,3,20,CWE-691
