guideline,test,med,pvalue,mean,neg,neg_abs,pos,pos_abs,nul,nul_abs,N,type
MISC,165.0,0.0,0.24799400359814672,-10.968754193719807,0.40625,13,0.21875,7,0.375,12,32,MISC
CWE-79,3775.0,0.0,0.48703482348979277,3.061581175534132,0.3237410071942446,45,0.2805755395683453,39,0.39568345323741005,55,139,CWE-79
CWE-89,736.0,0.0,0.7776943869572369,-4.341029819605814,0.4107142857142857,23,0.4107142857142857,23,0.17857142857142858,10,56,CWE-89
CWE-20,1328.0,0.0,0.969807054199507,-12.173334880306555,0.4189189189189189,31,0.3918918918918919,29,0.1891891891891892,14,74,CWE-20
