guideline,test,med,pvalue,mean
Write Short Units of Code,229892.0,0.0,0.023487305741676942,95.36553482059931
Write Simple Units of Code,227342.5,0.0,0.01088823380246436,388.1058236985202
Write Code Once,135980.0,2.0,1.0331773360570686e-34,36.4342870999034
Keep Unit Interfaces Small,181091.5,1.0,1.935981870844612e-13,245.3435091393103
Separate Concerns in Modules,246033.0,0.0,0.39884466892741144,-4.895339758627836
Couple Architecture Components Loosely,204567.0,1.0,2.2362639386211476e-07,-325.5495813977235
Keep Architecture Components Balanced,81808.5,2.183196217085424,5.300232098696987e-71,-16.954397667317398
Write Clean Code,106748.5,2.0,5.48785582578784e-54,-265.62657613967025
