guideline,test,med,pvalue,mean,neg,neg_abs,pos,pos_abs,nul,nul_abs,N,type
Other,52.0,0.0,0.25824306028707833,-8.243349856020442,0.06896551724137931,2,0.1724137931034483,5,0.7586206896551724,22,29,Other
PHP,11342.0,0.0,0.08396200537054813,12.770669820432095,0.38271604938271603,93,0.2880658436213992,70,0.3292181069958848,80,243,PHP
Python,482.0,0.0,0.9255784348921607,-174.32806222899163,0.45454545454545453,20,0.45454545454545453,20,0.09090909090909091,4,44,Python
Objective-C/C++,147.0,0.0,0.6451176032574726,-3.660641021673032,0.38461538461538464,10,0.38461538461538464,10,0.23076923076923078,6,26,Objective-C/C++
Java,43437.0,0.09125644059633942,0.4774494620429951,0.21281339083794856,0.4225352112676056,180,0.5070422535211268,216,0.07042253521126761,30,426,Java
Ruby,840.0,0.0,0.04160209926721267,3.1335522885403684,0.4647887323943662,33,0.28169014084507044,20,0.2535211267605634,18,71,Ruby
C/C++,3385.0,0.0,2.2407011455333922e-05,-11.133492799964705,0.46540880503144655,74,0.24528301886792453,39,0.2893081761006289,46,159,C/C++
