guideline,test,med,pvalue,mean,neg,neg_abs,pos,pos_abs,nul,nul_abs,N,type
PHP,10857.0,0.0,0.04786341875867178,0.45797930524221153,0.38589211618257263,93,0.2821576763485477,68,0.33195020746887965,80,241,PHP
Python,438.0,0.0,0.7170181713459871,-1.9201371316164026,0.4418604651162791,19,0.46511627906976744,20,0.09302325581395349,4,43,Python
Objective-C/C++,147.0,0.0,0.6451176032574726,-3.660641021673032,0.38461538461538464,10,0.38461538461538464,10,0.23076923076923078,6,26,Objective-C/C++
Java,42757.0,0.12584532810524252,0.33427305755557235,4.13881387740416,0.4154929577464789,177,0.5093896713615024,217,0.07511737089201878,32,426,Java
Ruby,840.0,0.0,0.04160209926721267,3.1335522885403684,0.4647887323943662,33,0.28169014084507044,20,0.2535211267605634,18,71,Ruby
C/C++,3385.0,0.0,2.2407011455333922e-05,-11.133492799964705,0.46540880503144655,74,0.24528301886792453,39,0.2893081761006289,46,159,C/C++
