guideline,test,med,pvalue,mean,neg,neg_abs,pos,pos_abs,nul,nul_abs,N,type
UNKNOWN,38015.0,0.0,0.036363472208179204,-0.21720769529099418,0.3903002309468822,169,0.3348729792147806,145,0.2748267898383372,119,433,Unknown
LOW,113.0,1.241874592608383,0.031139082379112646,35.55632057428976,0.27586206896551724,8,0.5862068965517241,17,0.13793103448275862,4,29,Low
MEDIUM,35977.0,0.0,0.29279527361784574,-4.870454424102784,0.4379746835443038,173,0.4253164556962025,168,0.13670886075949368,54,395,Medium
HIGH,2853.0,-0.050631166475795915,0.4193784412617986,10.21383354590249,0.5,56,0.4017857142857143,45,0.09821428571428571,11,112,High
