guideline,test,med,pvalue,mean,neg,neg_abs,pos,pos_abs,nul,nul_abs,N,type
UNKNOWN,40948.0,0.0,0.07180558517452858,10.583163508270431,0.378076062639821,169,0.33109619686800895,148,0.29082774049217003,130,447,UNKNOWN
LOW,143.0,1.0197868684401783,0.08172064712895509,-31.14276573441786,0.3,9,0.5666666666666667,17,0.13333333333333333,4,30,LOW
MEDIUM,37114.0,0.0,0.20189138451374622,-27.96737845449309,0.4405940594059406,178,0.4207920792079208,170,0.13861386138613863,56,404,MEDIUM
HIGH,3078.0,0.0,0.40537949200963697,9.777344932829733,0.47863247863247865,56,0.38461538461538464,45,0.13675213675213677,16,117,HIGH
