,test,med,pvalue
0,66932.0,944.6572313165962,5.62471349797476e-07
0,60592.0,0.0,6.732747192514021e-11
