,test,med,pvalue
0,19662.0,152.30005073956545,0.05272605984634382
0,71129.0,0.0,6.226700261416238e-12
