,test,med,pvalue,mean
0,71490.0,922.7258251892745,1.5391420674604135e-06,54005.906936703796
0,64435.0,0.0,1.2084545267970345e-10,8808.622849924279
